{"cameraMode":{"drawMode":0,"name":"Shaded","section":"Shading Mode"},"sceneLighting":true,"audioPlay":false,"sceneViewState":{"showFog":true,"showMaterialUpdate":false,"showSkybox":true,"showFlares":true,"showImageEffects":true,"showParticleSystems":true},"in2DMode":false,"pivot":{"x":-0.0011918246746063233,"y":-3.319997787475586,"z":8.504541397094727},"rotation":{"x":-0.23357617855072022,"y":0.02099795639514923,"z":-0.005045389756560326,"w":-0.9721007347106934},"size":5.707395553588867,"orthographic":false}